{
    "maxPan": 1.5707963267948966,
    "maxTilt": 1.5707963267948966
}