{
    "renderer": {
        "width": 800,
        "height": 600
    },
    "camera": {
        "position": {
            "z": 5
        }
    },
    "controls": {
        "maxPan": 1.5707963267948966,
        "maxTilt": 1.5707963267948966
    }
}